Black,White
matapalo,Cor64
Germanvince,Poecraft94
yendorzerep,sandstorm00
Dapsay,DanielaAndrade
gmbalaargentino,SuperRuddy
EnPassant81,Andnar
self_service,CamelClutcher
No_Move_Left,LePersifleur
Fasmc17,Mjolnir1980
Rechlis,FO_Junior
akiskara,Odirovski
Lucuix21,MrBug
Arrubarena,arbarsinoe
XadrezValle,jshutzman
Donperejil,emilains6
Lazarskyj,cubanito2002
marktven22,Kiryukha
Plattfuss,Corbblah
jswift,PLUTO-64
Maxterlopez,Artusha29
gabrielallon2019,Tango3000
AitorRO,Rechlis
AndrewLA29,Boydia
extremo2,Blentong70
coca1989,volodia8
LexisNexis,Raffaa_100
qswqsw,Akshish
Boyong26,Gorostovsky
Killero,chessajedrezz2020
Vdvendetta1,FlinkerFreddy
Lazarskyj,Violet_Pride
Odirovski,akiskara
leonkiller77,Donnerhall
GTN24,dacean99
damoma,MATAGORDO
Petukhov_Dmitry,GMshooter96
chesskot1,Rusticous
KingoFish,Prokofiev
Aoi_Usagi,chessgalaxy28
luiso1961,Glig
Stas_GM,Maxim2112
Sokolov_Kirill-10,JustoTriana
Ryan-Rhys,Barcaa
MikeGScarn,HansSchmidt
sandstorm00,hblanco
PLUTO-64,elsadchess
guicar16,JanBoel
DanielaAndrade,Dapsay
Boydia,Elhlwagy11
kc6,marktven22
chessbard1972,Cavid72
Gorostovsky,Kiryukha
KoringaMan,Plattfuss
Cortador,Violet_Pride
SuperRuddy,gmbalaargentino
Alfilparanoico,Donperejil
Rechlis,extremo2
Artusha29,Maxterlopez
Blentong70,g3rm4n
Nemo101,Polfruk
MagicDreams93,zsolti_83
Akshish,qswqsw
Atomrod,PabloChess32
chessgalaxy28,Celtic777
rlgabanchoUB,jure_pl91
pabloin,Cor64
nemus-92,catuchezz
FlinkerFreddy,MichaelBaron
Lucuix21,MATAGORDO
KoringaMan,Aoi_Usagi
Plattfuss,Hazzibaba
gabrielallon2019,Reverse_Logo
Glig,luiso1961
Ulefixam,leonkiller77
HansSchmidt,MikeGScarn
Vdvendetta1,Lazarskyj
Donnerhall,Boydia
Ryan-Rhys,Odirovski
Prokofiev,rlgabanchoUB
Dapsay,DanielaAndrade
elsadchess,PLUTO-64
agsjgm,coca1989
Rusticous,kiritolemon
backrankissues,Kiborg1987
BigAl1,Gmclutch27
luiso1961,Glig
Kiryukha,Gorostovsky
chesskot1,GabrielCuri
fankosh,chessgalaxy28
Petukhov_Dmitry,marktven22
hblanco,alumno
Violet_Pride,extremo2
Alphisto,IAMRAW
Rechlis,Alfilparanoico
qswqsw,Akshish
g3rm4n,Blentong70
Maxterlopez,Cortador
Majasystem,yendorzerep
Tsovnoog,self_service
PLUTO-64,elsadchess
GTN24,Atomrod
Cavid72,chessbard1972
TigreFantasmal35,Lidiodelgado
chessgalaxy28,fankosh
Kiborg1987,backrankissues
zolpi,Prokofiev
Artusha29,chesskot1
GabrielCuri,kc6
catuchezz,nemus-92
Chessil,alekhinnemanaba
Cloud_ec,LeninGuerra
Boydia,Sibelius_92
Donnerhall,Ryan-Rhys
highlama,wrdlbrmpfd
MichaelBaron,FlinkerFreddy
Plattfuss,wizardbar
Odirovski,Vdvendetta1
Hazzibaba,MATAGORDO
EnPassant81,fleetfeet
marktven22,Petukhov_Dmitry
Cor64,FrankVH
kiritolemon,Lucuix21
nicola_cola,No_Move_Left
Powerrino,Prokofiev
SuperRuddy,gmbalaargentino
Aoi_Usagi,Artusha29
Glig,luiso1961
Dapsay,lestri
Blentong70,g3rm4n
iosedm,Stas_GM
jangarbarek,hanyabdo
asticot95,Rechlis
Smirnov_Pavel,Akshish
qswqsw,Cortador
nemus-92,catuchezz
Gorostovsky,Kiryukha
coca1989,JustoTriana
Speed_chess21,Rusticous
juancruzariasTDF,rojitto
Alfilparanoico,chessgalaxy28
self_service,Andnar
elsadchess,PLUTO-64
PabloTapie,baguliches
extremo2,dacean99
Prokofiev,odxn
leonkiller77,Powerrino
maxumfirda,Sokolov_Kirill-10
Artusha29,Aoi_Usagi
Cortado,jozarov
Lopez09,alumno
Petukhov_Dmitry,marktven22
onwobi,IAMRAW
Rechlis,Plattfuss
wizardbar,Prostochendir
baguliches,PabloTapie
DreadHead,Glig
catuchezz,nemus-92
FlinkerFreddy,Donnerhall
GabrielCuri,Ryan-Rhys
lestri,kc6
catuchezz,Odirovski
kiritolemon,Quillotamaster
chessbard1972,Cavid72
jeison91,medinapaz
emejachasu,TripleM2
LePersifleur,No_Move_Left
Cortador,qswqsw
MATAGORDO,Huachinango
JustoTriana,coca1989
Vdvendetta1,extremo2
dacean99,Prokofiev
WhisperingXylophone,Nermid
marktven22,GTN24
katofakiller,Quijoteajedrecista
g3rm4n,Blentong70
FrankVH,Cor64
hernan49,Lazarskyj
Rusticous,ImIsmaelKarim
Andnar,EnPassant81
seperjoshi05,chessgalaxy28
Powerrino,Rechlis
extermo44,sumsum
Aoi_Usagi,Artusha29
chesskot1,fankosh
leonkiller77,LittlePumpkin
Kiryukha,ricvel
highlama,iosedm
lestri,Ryan-Rhys
Nermid,WhisperingXylophone
Cortador,Donnerhall
Glig,qswqsw
BravadoChess,DonFulgenzio
LexisNexis,vvchessli
WhisperingXylophone,Nermid
PabloTapie,baguliches
SuperRuddy,gmbalaargentino
meridaandres,akiskara
temus22,Ogrilla
zsolti_83,joflo
Lucuix21,Gorostovsky
Blentong70,g3rm4n
miramipeonazo,kiritolemon
Huachinango,MATAGORDO
alumno,Vdvendetta1
GTN24,marktven22
extremo2,BigAl1
Rechlis,Kiryukha
tiredgiraffe18,Powerrino
coca1989,JustoTriana
self_service,Andnar
medinapaz,chesslismab
TripleM2,Jhezz02
Plattfuss,DaniellaQueen
LilmodMiTaouyot26,SmokedGray
Nezh-BOT,gmluke
Quillotamaster,chesskot1
chessgalaxy28,zolpi
fankosh,hernan49
Artusha29,Aoi_Usagi
Cor64,elenmascarado
Prokofiev,jetaedin
Ryan-Rhys,MATAGORDO
Nermid,WhisperingXylophone
ImIsmaelKarim,lestri
Huachinango,dacean99
Rusticous,catuchezz
Cavid72,chessbard1972
fleetfeet,EnPassant81
Konnov_Oleg,Killero
marktven22,GTN24
jim2600,davidcm92
Lazarskyj,LittlePumpkin
Quijoteajedrecista,katofakiller
Glig,KoringaMan
manneredmonkey,Donnerhall
lightinghamad,Boydia
joflo,zsolti_83
Cortador,Vdvendetta1
phanpy,Gorostovsky
Tsovnoog,self_service
ViktorSalkov,IAMRAW
luiso1961,Alfilparanoico
PabloTapie,baguliches
coca1989,Sokolov_Kirill-10
kiritolemon,Prokofiev
lestri,extremo2
TheButcherMio,ImIsmaelKarim
chessgalaxy28,maick82
EnPassant81,Termenoil
g3rm4n,Blentong70
Boydia,Rechlis
BigAl1,GencAga
extermo44,ReThink
Powerrino,tiredgiraffe18
Aoi_Usagi,Artusha29
Alphisto,chesskot1
Vdvendetta1,LogicalNonsense
alumno,Cortador
hernan49,aladedios
MATAGORDO,Ryan-Rhys
nastroyani,Lucuix21
dacean99,Huachinango
iosedm,BravadoChess
elenmascarado,Cor64
GTN24,WhisperingXylophone
Dapsay,Bernie73
Rusticous,leonkiller77
chesskot1,rikchess
chessbard1972,Cavid72
Cresnowed,TripleM2
alekhinnemanaba,Yake
emejachasu,medinapaz
LeninGuerra,adrisaltos
Gorostovsky,Glig
LittlePumpkin,AttackingBeast
IAMRAW,ViktorSalkov
Alfilparanoico,luiso1961
manneredmonkey,KrystianKuzmicz
Huachinango,wizardbar
ImIsmaelKarim,TheButcherMio
ElmundoCR,Rechlis
Artusha29,Aoi_Usagi
Majasystem,chessgalaxy28
Sokolov_Kirill-10,Tango3000
WhisperingXylophone,kiritolemon
Violet_Pride,Lazarskyj
Prokofiev,damoma
dacean99,HAMHAM22
nastroyani,BehindBluEyes
ViktorSalkov,IAMRAW
tiredgiraffe18,Powerrino
Vdvendetta1,LilmodMiTaouyot26
joflo,mocheffendy
jflup,GencAga
Dapsay,GTN24
Cortador,nastroyani
mohammedarrami,Blentong70
jshutzman,Alfilparanoico
Cavid72,chessbard1972
kiritolemon,BehindBluEyes
